file,line,flag,category,notes,directive
Custom.h,31,HAL_PORT_HAS_WIFI,extract-hook,WiFi-specific extern decls,"#if HAL_PORT_HAS_WIFI"
Custom.h,62,HAL_PORT_HAS_WIFI,extract-hook,WiFi-specific extern decls,"#if HAL_PORT_HAS_WIFI"
Hardware_Includes.h,38,HAL_PORT_IS_VGA,split-driver,replace per-feature includes with port_config.h-driven include,"#if HAL_PORT_IS_VGA"
Hardware_Includes.h,127,HAL_PORT_HAS_HDMI,split-driver,replace per-feature includes with port_config.h-driven include,"#if HAL_PORT_HAS_HDMI"
Hardware_Includes.h,237,HAL_PORT_HAS_PICOMITE,split-driver,replace per-feature includes with port_config.h-driven include,"#if HAL_PORT_HAS_PICOMITE && defined(rp2350)"
Hardware_Includes.h,242,HAL_PORT_IS_VGA,split-driver,replace per-feature includes with port_config.h-driven include,"#if HAL_PORT_IS_VGA"
Hardware_Includes.h,288,HAL_PORT_HAS_WIFI,split-driver,replace per-feature includes with port_config.h-driven include,"#if HAL_PORT_HAS_WIFI"
Hardware_Includes.h,299,HAL_PORT_HAS_USB_KEYBOARD,split-driver,replace per-feature includes with port_config.h-driven include,"#if HAL_PORT_HAS_USB_KEYBOARD"
Hardware_Includes.h,420,HAL_PORT_IS_VGA,split-driver,replace per-feature includes with port_config.h-driven include,"#if !HAL_PORT_IS_VGA"
Hardware_Includes.h,421,HAL_PORT_HAS_WIFI,split-driver,replace per-feature includes with port_config.h-driven include,"#if !HAL_PORT_HAS_WIFI"
Hardware_Includes.h,427,HAL_PORT_HAS_WIFI,split-driver,replace per-feature includes with port_config.h-driven include,"#if HAL_PORT_HAS_WIFI"
MMtcpserver.c,759,HAL_PORT_IS_VGA,value-in-expression,"single gate, file is already WiFi-gated by linkage","#if !HAL_PORT_IS_VGA"
SPI-LCD.h,360,HAL_PORT_HAS_PICOMITE,split-driver,header for split spi_lcd_*.c files,"#if HAL_PORT_HAS_PICOMITE && defined(rp2350)"
SPI-LCD.h,471,HAL_PORT_HAS_PICOMITE,split-driver,header for split spi_lcd_*.c files,"#if HAL_PORT_HAS_PICOMITE && defined(rp2350)"
SPI-LCD.h,511,HAL_PORT_HAS_PICOMITE,split-driver,header for split spi_lcd_*.c files,"#if HAL_PORT_HAS_PICOMITE && defined(rp2350)"
configuration.h,46,HAL_PORT_HAS_USB_KEYBOARD,extract-hook,move USB-axis FLASH/MagicKey/HEAPTOP + WiFi config + VGA config to flat per-port port_config.h values; the configuration.h translation layer dies,"#if HAL_PORT_HAS_USB_KEYBOARD"
configuration.h,73,HAL_PORT_HAS_WIFI,extract-hook,move USB-axis FLASH/MagicKey/HEAPTOP + WiFi config + VGA config to flat per-port port_config.h values; the configuration.h translation layer dies,"#if HAL_PORT_HAS_WIFI"
configuration.h,82,HAL_PORT_IS_VGA,extract-hook,move USB-axis FLASH/MagicKey/HEAPTOP + WiFi config + VGA config to flat per-port port_config.h values; the configuration.h translation layer dies,"#if HAL_PORT_IS_VGA"
configuration.h,216,HAL_PORT_HAS_WIFI,extract-hook,move USB-axis FLASH/MagicKey/HEAPTOP + WiFi config + VGA config to flat per-port port_config.h values; the configuration.h translation layer dies,"#if HAL_PORT_HAS_WIFI"
Include.h,89,HAL_PORT_HAS_HDMI,extract-hook,,"#if !HAL_PORT_HAS_HDMI"
Include.h,93,HAL_PORT_HAS_USB_KEYBOARD,extract-hook,,"#if !HAL_PORT_HAS_USB_KEYBOARD"
MMBasic_Prompt.c,391,HAL_PORT_IS_VGA,extract-hook,,"#if !HAL_PORT_IS_VGA                                                                     "
I2C.c,144,HAL_PORT_HAS_I2C_KEYPAD,extract-hook,I2C-keypad protocol -> drivers/i2c_picocalc_kbd hook,"#if HAL_PORT_HAS_I2C_KEYPAD"
I2C.c,188,HAL_PORT_IS_VGA,extract-hook,I2C-keypad protocol -> drivers/i2c_picocalc_kbd hook,"#if !HAL_PORT_IS_VGA"
I2C.c,466,HAL_PORT_HAS_USB_KEYBOARD,extract-hook,I2C-keypad protocol -> drivers/i2c_picocalc_kbd hook,"#if !HAL_PORT_HAS_USB_KEYBOARD"
I2C.c,502,HAL_PORT_HAS_I2C_KEYPAD,extract-hook,I2C-keypad protocol -> drivers/i2c_picocalc_kbd hook,"#if HAL_PORT_HAS_I2C_KEYPAD"
I2C.c,1720,HAL_PORT_IS_VGA,extract-hook,I2C-keypad protocol -> drivers/i2c_picocalc_kbd hook,"#if !HAL_PORT_IS_VGA"
Custom.c,43,HAL_PORT_HAS_WIFI,extract-hook,CSUB / CFunction WiFi gates -> hook,"#if HAL_PORT_HAS_WIFI"
Custom.c,120,HAL_PORT_HAS_WIFI,extract-hook,CSUB / CFunction WiFi gates -> hook,"#if HAL_PORT_HAS_WIFI"
Custom.c,238,HAL_PORT_HAS_WIFI,extract-hook,CSUB / CFunction WiFi gates -> hook,"        #if HAL_PORT_HAS_WIFI"
Custom.c,288,HAL_PORT_IS_VGA,extract-hook,CSUB / CFunction WiFi gates -> hook,"#if !HAL_PORT_IS_VGA || HAL_PORT_HAS_HDMI"
Custom.c,1479,HAL_PORT_HAS_WIFI,extract-hook,CSUB / CFunction WiFi gates -> hook,"        #if HAL_PORT_HAS_WIFI"
Custom.c,1821,HAL_PORT_HAS_WIFI,extract-hook,CSUB / CFunction WiFi gates -> hook,"#if HAL_PORT_HAS_WIFI"
AllCommands.h,211,HAL_PORT_HAS_WIFI,value-in-expression,token-table conditional rows; rewrite as runtime gating in the lookup,"#if HAL_PORT_HAS_WIFI"
AllCommands.h,355,HAL_PORT_HAS_WIFI,value-in-expression,token-table conditional rows; rewrite as runtime gating in the lookup,"#if HAL_PORT_HAS_WIFI"
AllCommands.h,468,HAL_PORT_HAS_GUICONTROLS,value-in-expression,token-table conditional rows; rewrite as runtime gating in the lookup,"#if HAL_PORT_HAS_GUICONTROLS"
AllCommands.h,555,HAL_PORT_HAS_GUICONTROLS,value-in-expression,token-table conditional rows; rewrite as runtime gating in the lookup,"#if HAL_PORT_HAS_GUICONTROLS"
AllCommands.h,558,HAL_PORT_HAS_PICOMITE,value-in-expression,token-table conditional rows; rewrite as runtime gating in the lookup,"#if HAL_PORT_HAS_PICOMITE"
AllCommands.h,561,HAL_PORT_HAS_WIFI,value-in-expression,token-table conditional rows; rewrite as runtime gating in the lookup,"#if HAL_PORT_HAS_WIFI"
AllCommands.h,567,HAL_PORT_HAS_USB_KEYBOARD,value-in-expression,token-table conditional rows; rewrite as runtime gating in the lookup,"#if !HAL_PORT_HAS_USB_KEYBOARD"
AllCommands.h,578,HAL_PORT_HAS_WIFI,value-in-expression,token-table conditional rows; rewrite as runtime gating in the lookup,"#if !HAL_PORT_HAS_WIFI"
AllCommands.h,591,HAL_PORT_HAS_PICOMITE,value-in-expression,token-table conditional rows; rewrite as runtime gating in the lookup,"#if defined(rp2350) && HAL_PORT_HAS_PICOMITE"
AllCommands.h,722,HAL_PORT_HAS_USB_KEYBOARD,value-in-expression,token-table conditional rows; rewrite as runtime gating in the lookup,"#if HAL_PORT_HAS_USB_KEYBOARD || defined(MMBASIC_HOST) || HAL_PORT_HAS_I2C_KEYPAD"
AllCommands.h,725,HAL_PORT_IS_VGA,value-in-expression,token-table conditional rows; rewrite as runtime gating in the lookup,"#if HAL_PORT_IS_VGA"
AllCommands.h,732,HAL_PORT_HAS_WIFI,value-in-expression,token-table conditional rows; rewrite as runtime gating in the lookup,"#if HAL_PORT_HAS_WIFI"
AllCommands.h,735,HAL_PORT_HAS_GUICONTROLS,value-in-expression,token-table conditional rows; rewrite as runtime gating in the lookup,"#if HAL_PORT_HAS_GUICONTROLS"
AllCommands.h,740,HAL_PORT_HAS_PICOMITE,value-in-expression,token-table conditional rows; rewrite as runtime gating in the lookup,"#if defined(rp2350) && HAL_PORT_HAS_PICOMITE"
Editor.c,78,HAL_PORT_IS_VGA,extract-hook,USBKEYBOARD keymap -> hal_editor_translate_key(),"#if HAL_PORT_IS_VGA"
Editor.c,107,HAL_PORT_HAS_HDMI,extract-hook,USBKEYBOARD keymap -> hal_editor_translate_key(),"#if HAL_PORT_HAS_HDMI"
Editor.c,119,HAL_PORT_HAS_HDMI,extract-hook,USBKEYBOARD keymap -> hal_editor_translate_key(),"#if HAL_PORT_HAS_HDMI"
Editor.c,151,HAL_PORT_IS_VGA,extract-hook,USBKEYBOARD keymap -> hal_editor_translate_key(),"#if HAL_PORT_IS_VGA"
Editor.c,158,HAL_PORT_IS_VGA,extract-hook,USBKEYBOARD keymap -> hal_editor_translate_key(),"#if HAL_PORT_IS_VGA"
Editor.c,161,HAL_PORT_HAS_PICOMITE,extract-hook,USBKEYBOARD keymap -> hal_editor_translate_key(),"#if HAL_PORT_HAS_PICOMITE && defined(rp2350)"
Editor.c,194,HAL_PORT_IS_VGA,extract-hook,USBKEYBOARD keymap -> hal_editor_translate_key(),"#if HAL_PORT_IS_VGA"
Editor.c,197,HAL_PORT_HAS_HDMI,extract-hook,USBKEYBOARD keymap -> hal_editor_translate_key(),"#if HAL_PORT_HAS_HDMI"
Editor.c,236,HAL_PORT_HAS_HDMI,extract-hook,USBKEYBOARD keymap -> hal_editor_translate_key(),"#if HAL_PORT_HAS_HDMI"
Editor.c,278,HAL_PORT_IS_VGA,extract-hook,USBKEYBOARD keymap -> hal_editor_translate_key(),"#if HAL_PORT_IS_VGA"
Editor.c,279,HAL_PORT_HAS_HDMI,extract-hook,USBKEYBOARD keymap -> hal_editor_translate_key(),"#if HAL_PORT_HAS_HDMI"
Editor.c,353,HAL_PORT_IS_VGA,extract-hook,USBKEYBOARD keymap -> hal_editor_translate_key(),"#if HAL_PORT_IS_VGA"
Editor.c,366,HAL_PORT_IS_VGA,extract-hook,USBKEYBOARD keymap -> hal_editor_translate_key(),"#if HAL_PORT_IS_VGA"
Editor.c,368,HAL_PORT_HAS_HDMI,extract-hook,USBKEYBOARD keymap -> hal_editor_translate_key(),"    #if HAL_PORT_HAS_HDMI"
Editor.c,377,HAL_PORT_HAS_USB_KEYBOARD,extract-hook,USBKEYBOARD keymap -> hal_editor_translate_key(),"#if !HAL_PORT_HAS_USB_KEYBOARD"
Editor.c,385,HAL_PORT_HAS_PICOMITE,extract-hook,USBKEYBOARD keymap -> hal_editor_translate_key(),"#if HAL_PORT_HAS_PICOMITE && defined(rp2350)"
Editor.c,399,HAL_PORT_HAS_HDMI,extract-hook,USBKEYBOARD keymap -> hal_editor_translate_key(),"#if HAL_PORT_HAS_HDMI"
Editor.c,404,HAL_PORT_HAS_HDMI,extract-hook,USBKEYBOARD keymap -> hal_editor_translate_key(),"#if HAL_PORT_HAS_HDMI"
Editor.c,416,HAL_PORT_HAS_WIFI,extract-hook,USBKEYBOARD keymap -> hal_editor_translate_key(),"#if HAL_PORT_HAS_WIFI"
Editor.c,577,HAL_PORT_HAS_PICOMITE,extract-hook,USBKEYBOARD keymap -> hal_editor_translate_key(),"#if !HAL_PORT_HAS_PICOMITE"
Editor.c,578,HAL_PORT_HAS_WIFI,extract-hook,USBKEYBOARD keymap -> hal_editor_translate_key(),"#if !HAL_PORT_HAS_WIFI"
Editor.c,590,HAL_PORT_IS_VGA,extract-hook,USBKEYBOARD keymap -> hal_editor_translate_key(),"#if HAL_PORT_IS_VGA"
Editor.c,601,HAL_PORT_HAS_PICOMITE,extract-hook,USBKEYBOARD keymap -> hal_editor_translate_key(),"#if HAL_PORT_HAS_PICOMITE && defined(rp2350)"
Editor.c,620,HAL_PORT_HAS_PICOMITE,extract-hook,USBKEYBOARD keymap -> hal_editor_translate_key(),"#if !HAL_PORT_HAS_PICOMITE "
Editor.c,621,HAL_PORT_HAS_WIFI,extract-hook,USBKEYBOARD keymap -> hal_editor_translate_key(),"#if !HAL_PORT_HAS_WIFI"
Editor.c,623,HAL_PORT_HAS_USB_KEYBOARD,extract-hook,USBKEYBOARD keymap -> hal_editor_translate_key(),"#if HAL_PORT_HAS_USB_KEYBOARD"
Editor.c,633,HAL_PORT_HAS_HDMI,extract-hook,USBKEYBOARD keymap -> hal_editor_translate_key(),"#if HAL_PORT_HAS_HDMI"
Editor.c,638,HAL_PORT_HAS_HDMI,extract-hook,USBKEYBOARD keymap -> hal_editor_translate_key(),"#if HAL_PORT_HAS_HDMI"
Editor.c,648,HAL_PORT_HAS_HDMI,extract-hook,USBKEYBOARD keymap -> hal_editor_translate_key(),"#if HAL_PORT_HAS_HDMI"
Editor.c,653,HAL_PORT_HAS_HDMI,extract-hook,USBKEYBOARD keymap -> hal_editor_translate_key(),"#if HAL_PORT_HAS_HDMI"
Editor.c,688,HAL_PORT_HAS_HDMI,extract-hook,USBKEYBOARD keymap -> hal_editor_translate_key(),"#if HAL_PORT_HAS_HDMI"
Editor.c,693,HAL_PORT_HAS_HDMI,extract-hook,USBKEYBOARD keymap -> hal_editor_translate_key(),"#if HAL_PORT_HAS_HDMI"
Editor.c,1047,HAL_PORT_IS_VGA,extract-hook,USBKEYBOARD keymap -> hal_editor_translate_key(),"#if HAL_PORT_IS_VGA"
Editor.c,1057,HAL_PORT_HAS_HDMI,extract-hook,USBKEYBOARD keymap -> hal_editor_translate_key(),"#if HAL_PORT_HAS_HDMI"
Editor.c,1138,HAL_PORT_HAS_WIFI,extract-hook,USBKEYBOARD keymap -> hal_editor_translate_key(),"                        #if HAL_PORT_HAS_WIFI"
Editor.c,1264,HAL_PORT_IS_VGA,extract-hook,USBKEYBOARD keymap -> hal_editor_translate_key(),"#if HAL_PORT_IS_VGA"
Editor.c,1272,HAL_PORT_HAS_PICOMITE,extract-hook,USBKEYBOARD keymap -> hal_editor_translate_key(),"#if !HAL_PORT_HAS_PICOMITE"
Editor.c,1273,HAL_PORT_HAS_WIFI,extract-hook,USBKEYBOARD keymap -> hal_editor_translate_key(),"#if !HAL_PORT_HAS_WIFI"
Editor.c,1274,HAL_PORT_HAS_USB_KEYBOARD,extract-hook,USBKEYBOARD keymap -> hal_editor_translate_key(),"#if HAL_PORT_HAS_USB_KEYBOARD"
Editor.c,1284,HAL_PORT_HAS_HDMI,extract-hook,USBKEYBOARD keymap -> hal_editor_translate_key(),"#if HAL_PORT_HAS_HDMI"
Editor.c,1289,HAL_PORT_HAS_HDMI,extract-hook,USBKEYBOARD keymap -> hal_editor_translate_key(),"#if HAL_PORT_HAS_HDMI"
Editor.c,1299,HAL_PORT_HAS_HDMI,extract-hook,USBKEYBOARD keymap -> hal_editor_translate_key(),"#if HAL_PORT_HAS_HDMI"
Editor.c,1304,HAL_PORT_HAS_HDMI,extract-hook,USBKEYBOARD keymap -> hal_editor_translate_key(),"#if HAL_PORT_HAS_HDMI"
Editor.c,1454,HAL_PORT_HAS_PICOMITE,extract-hook,USBKEYBOARD keymap -> hal_editor_translate_key(),"#if !HAL_PORT_HAS_PICOMITE"
Editor.c,1455,HAL_PORT_HAS_WIFI,extract-hook,USBKEYBOARD keymap -> hal_editor_translate_key(),"#if !HAL_PORT_HAS_WIFI"
Editor.c,1456,HAL_PORT_HAS_USB_KEYBOARD,extract-hook,USBKEYBOARD keymap -> hal_editor_translate_key(),"#if HAL_PORT_HAS_USB_KEYBOARD"
Editor.c,1480,HAL_PORT_HAS_PICOMITE,extract-hook,USBKEYBOARD keymap -> hal_editor_translate_key(),"#if !HAL_PORT_HAS_PICOMITE"
Editor.c,1481,HAL_PORT_HAS_WIFI,extract-hook,USBKEYBOARD keymap -> hal_editor_translate_key(),"#if !HAL_PORT_HAS_WIFI"
Editor.c,1482,HAL_PORT_HAS_USB_KEYBOARD,extract-hook,USBKEYBOARD keymap -> hal_editor_translate_key(),"#if HAL_PORT_HAS_USB_KEYBOARD"
Editor.c,1619,HAL_PORT_HAS_GUICONTROLS,extract-hook,USBKEYBOARD keymap -> hal_editor_translate_key(),"#if HAL_PORT_HAS_GUICONTROLS"
bc_vm.c,982,HAL_PORT_HAS_GUICONTROLS,value-in-expression,"single GUICONTROLS gate, likely deletable","#if HAL_PORT_HAS_GUICONTROLS"
PicoMite.c,58,HAL_PORT_IS_VGA,extract-hook,"boot init + main loop -> port_init_displays/keyboard, port_main_loop_yield hooks","#if HAL_PORT_IS_VGA"
PicoMite.c,60,HAL_PORT_HAS_HDMI,extract-hook,"boot init + main loop -> port_init_displays/keyboard, port_main_loop_yield hooks","#if !HAL_PORT_HAS_HDMI"
PicoMite.c,66,HAL_PORT_HAS_USB_KEYBOARD,extract-hook,"boot init + main loop -> port_init_displays/keyboard, port_main_loop_yield hooks","#if HAL_PORT_HAS_USB_KEYBOARD"
PicoMite.c,78,HAL_PORT_HAS_HDMI,extract-hook,"boot init + main loop -> port_init_displays/keyboard, port_main_loop_yield hooks","    #if HAL_PORT_HAS_HDMI"
PicoMite.c,116,HAL_PORT_HAS_WIFI,extract-hook,"boot init + main loop -> port_init_displays/keyboard, port_main_loop_yield hooks","#if HAL_PORT_HAS_WIFI"
PicoMite.c,125,HAL_PORT_IS_VGA,extract-hook,"boot init + main loop -> port_init_displays/keyboard, port_main_loop_yield hooks","#if HAL_PORT_IS_VGA"
PicoMite.c,130,HAL_PORT_HAS_HDMI,extract-hook,"boot init + main loop -> port_init_displays/keyboard, port_main_loop_yield hooks","#if HAL_PORT_HAS_HDMI"
PicoMite.c,150,HAL_PORT_HAS_HDMI,extract-hook,"boot init + main loop -> port_init_displays/keyboard, port_main_loop_yield hooks","    #if !HAL_PORT_HAS_HDMI"
PicoMite.c,153,HAL_PORT_HAS_USB_KEYBOARD,extract-hook,"boot init + main loop -> port_init_displays/keyboard, port_main_loop_yield hooks","    #if HAL_PORT_HAS_USB_KEYBOARD"
PicoMite.c,161,HAL_PORT_HAS_WIFI,extract-hook,"boot init + main loop -> port_init_displays/keyboard, port_main_loop_yield hooks","#if HAL_PORT_HAS_WIFI"
PicoMite.c,167,HAL_PORT_HAS_PICOMITE,extract-hook,"boot init + main loop -> port_init_displays/keyboard, port_main_loop_yield hooks","#if HAL_PORT_HAS_PICOMITE"
PicoMite.c,168,HAL_PORT_HAS_USB_KEYBOARD,extract-hook,"boot init + main loop -> port_init_displays/keyboard, port_main_loop_yield hooks","    #if HAL_PORT_HAS_USB_KEYBOARD"
PicoMite.c,288,HAL_PORT_HAS_HDMI,extract-hook,"boot init + main loop -> port_init_displays/keyboard, port_main_loop_yield hooks","#if !HAL_PORT_HAS_HDMI"
PicoMite.c,373,HAL_PORT_HAS_HDMI,extract-hook,"boot init + main loop -> port_init_displays/keyboard, port_main_loop_yield hooks","#if HAL_PORT_HAS_HDMI"
PicoMite.c,412,HAL_PORT_HAS_WIFI,extract-hook,"boot init + main loop -> port_init_displays/keyboard, port_main_loop_yield hooks","    #if !HAL_PORT_HAS_WIFI"
PicoMite.c,419,HAL_PORT_HAS_WIFI,extract-hook,"boot init + main loop -> port_init_displays/keyboard, port_main_loop_yield hooks","    #if !HAL_PORT_HAS_WIFI"
PicoMite.c,454,HAL_PORT_HAS_PICOMITE,extract-hook,"boot init + main loop -> port_init_displays/keyboard, port_main_loop_yield hooks","#if HAL_PORT_HAS_PICOMITE"
PicoMite.c,458,HAL_PORT_HAS_PICOMITE,extract-hook,"boot init + main loop -> port_init_displays/keyboard, port_main_loop_yield hooks","#if HAL_PORT_HAS_PICOMITE"
PicoMite.c,464,HAL_PORT_HAS_USB_KEYBOARD,extract-hook,"boot init + main loop -> port_init_displays/keyboard, port_main_loop_yield hooks","#if HAL_PORT_HAS_USB_KEYBOARD"
PicoMite.c,498,HAL_PORT_HAS_GUICONTROLS,extract-hook,"boot init + main loop -> port_init_displays/keyboard, port_main_loop_yield hooks","#if HAL_PORT_HAS_GUICONTROLS"
PicoMite.c,510,HAL_PORT_HAS_USB_KEYBOARD,extract-hook,"boot init + main loop -> port_init_displays/keyboard, port_main_loop_yield hooks","#if !HAL_PORT_HAS_USB_KEYBOARD"
PicoMite.c,559,HAL_PORT_HAS_WIFI,extract-hook,"boot init + main loop -> port_init_displays/keyboard, port_main_loop_yield hooks","#if HAL_PORT_HAS_WIFI"
PicoMite.c,581,HAL_PORT_HAS_WIFI,extract-hook,"boot init + main loop -> port_init_displays/keyboard, port_main_loop_yield hooks","#if HAL_PORT_HAS_WIFI"
PicoMite.c,584,HAL_PORT_HAS_USB_KEYBOARD,extract-hook,"boot init + main loop -> port_init_displays/keyboard, port_main_loop_yield hooks","#if !HAL_PORT_HAS_USB_KEYBOARD"
PicoMite.c,605,HAL_PORT_HAS_WIFI,extract-hook,"boot init + main loop -> port_init_displays/keyboard, port_main_loop_yield hooks","#if HAL_PORT_HAS_WIFI"
PicoMite.c,630,HAL_PORT_IS_VGA,extract-hook,"boot init + main loop -> port_init_displays/keyboard, port_main_loop_yield hooks","#if (HAL_PORT_IS_VGA || HAL_PORT_HAS_WIFI) && !defined(rp2350)"
PicoMite.c,650,HAL_PORT_HAS_USB_KEYBOARD,extract-hook,"boot init + main loop -> port_init_displays/keyboard, port_main_loop_yield hooks","#if !HAL_PORT_HAS_USB_KEYBOARD"
PicoMite.c,849,HAL_PORT_HAS_PICOMITE,extract-hook,"boot init + main loop -> port_init_displays/keyboard, port_main_loop_yield hooks","#if HAL_PORT_HAS_PICOMITE && defined(rp2350)"
PicoMite.c,860,HAL_PORT_HAS_USB_KEYBOARD,extract-hook,"boot init + main loop -> port_init_displays/keyboard, port_main_loop_yield hooks","#if HAL_PORT_HAS_USB_KEYBOARD"
PicoMite.c,930,HAL_PORT_HAS_GUICONTROLS,extract-hook,"boot init + main loop -> port_init_displays/keyboard, port_main_loop_yield hooks","#if HAL_PORT_HAS_GUICONTROLS"
PicoMite.c,994,HAL_PORT_HAS_WIFI,extract-hook,"boot init + main loop -> port_init_displays/keyboard, port_main_loop_yield hooks","    #if !HAL_PORT_HAS_WIFI"
PicoMite.c,1019,HAL_PORT_HAS_WIFI,extract-hook,"boot init + main loop -> port_init_displays/keyboard, port_main_loop_yield hooks","#if HAL_PORT_HAS_WIFI"
PicoMite.c,1032,HAL_PORT_HAS_WIFI,extract-hook,"boot init + main loop -> port_init_displays/keyboard, port_main_loop_yield hooks","#if HAL_PORT_HAS_WIFI"
PicoMite.c,1099,HAL_PORT_HAS_WIFI,extract-hook,"boot init + main loop -> port_init_displays/keyboard, port_main_loop_yield hooks","#if HAL_PORT_HAS_WIFI"
PicoMite.c,1130,HAL_PORT_IS_VGA,extract-hook,"boot init + main loop -> port_init_displays/keyboard, port_main_loop_yield hooks","#if HAL_PORT_IS_VGA"
PicoMite.c,1133,HAL_PORT_HAS_HDMI,extract-hook,"boot init + main loop -> port_init_displays/keyboard, port_main_loop_yield hooks","#if !HAL_PORT_HAS_HDMI"
PicoMite.c,1701,HAL_PORT_HAS_WIFI,extract-hook,"boot init + main loop -> port_init_displays/keyboard, port_main_loop_yield hooks","#if !HAL_PORT_HAS_WIFI"
PicoMite.c,1753,HAL_PORT_HAS_WIFI,extract-hook,"boot init + main loop -> port_init_displays/keyboard, port_main_loop_yield hooks","#if HAL_PORT_HAS_WIFI"
PicoMite.c,1825,HAL_PORT_HAS_HDMI,extract-hook,"boot init + main loop -> port_init_displays/keyboard, port_main_loop_yield hooks","#if !HAL_PORT_HAS_HDMI"
PicoMite.c,1841,HAL_PORT_IS_VGA,extract-hook,"boot init + main loop -> port_init_displays/keyboard, port_main_loop_yield hooks","#if HAL_PORT_IS_VGA"
PicoMite.c,1842,HAL_PORT_HAS_HDMI,extract-hook,"boot init + main loop -> port_init_displays/keyboard, port_main_loop_yield hooks","#if HAL_PORT_HAS_HDMI"
PicoMite.c,1886,HAL_PORT_HAS_HDMI,extract-hook,"boot init + main loop -> port_init_displays/keyboard, port_main_loop_yield hooks","#if HAL_PORT_HAS_HDMI && defined(rp2350)"
PicoMite.c,1898,HAL_PORT_HAS_WIFI,extract-hook,"boot init + main loop -> port_init_displays/keyboard, port_main_loop_yield hooks","#if !HAL_PORT_HAS_WIFI"
PicoMite.c,1926,HAL_PORT_HAS_PICOMITE,extract-hook,"boot init + main loop -> port_init_displays/keyboard, port_main_loop_yield hooks","#if HAL_PORT_HAS_PICOMITE"
PicoMite.c,1934,HAL_PORT_HAS_PICOMITE,extract-hook,"boot init + main loop -> port_init_displays/keyboard, port_main_loop_yield hooks","#if HAL_PORT_HAS_PICOMITE && defined(rp2350)"
PicoMite.c,1941,HAL_PORT_HAS_HDMI,extract-hook,"boot init + main loop -> port_init_displays/keyboard, port_main_loop_yield hooks","#if HAL_PORT_HAS_HDMI"
PicoMite.c,1971,HAL_PORT_IS_VGA,extract-hook,"boot init + main loop -> port_init_displays/keyboard, port_main_loop_yield hooks","#if HAL_PORT_IS_VGA"
PicoMite.c,1972,HAL_PORT_HAS_HDMI,extract-hook,"boot init + main loop -> port_init_displays/keyboard, port_main_loop_yield hooks","#if !HAL_PORT_HAS_HDMI"
PicoMite.c,2008,HAL_PORT_HAS_USB_KEYBOARD,extract-hook,"boot init + main loop -> port_init_displays/keyboard, port_main_loop_yield hooks","#if !HAL_PORT_HAS_USB_KEYBOARD"
PicoMite.c,2033,HAL_PORT_HAS_USB_KEYBOARD,extract-hook,"boot init + main loop -> port_init_displays/keyboard, port_main_loop_yield hooks","#if !HAL_PORT_HAS_USB_KEYBOARD"
PicoMite.c,2044,HAL_PORT_IS_VGA,extract-hook,"boot init + main loop -> port_init_displays/keyboard, port_main_loop_yield hooks","#if !HAL_PORT_IS_VGA"
PicoMite.c,2045,HAL_PORT_HAS_I2C_KEYPAD,extract-hook,"boot init + main loop -> port_init_displays/keyboard, port_main_loop_yield hooks","#if !HAL_PORT_HAS_I2C_KEYPAD"
PicoMite.c,2049,HAL_PORT_HAS_I2C_KEYPAD,extract-hook,"boot init + main loop -> port_init_displays/keyboard, port_main_loop_yield hooks","#if !HAL_PORT_HAS_I2C_KEYPAD"
PicoMite.c,2054,HAL_PORT_HAS_I2C_KEYPAD,extract-hook,"boot init + main loop -> port_init_displays/keyboard, port_main_loop_yield hooks","#if HAL_PORT_HAS_I2C_KEYPAD"
PicoMite.c,2067,HAL_PORT_IS_VGA,extract-hook,"boot init + main loop -> port_init_displays/keyboard, port_main_loop_yield hooks","#if HAL_PORT_IS_VGA"
PicoMite.c,2069,HAL_PORT_HAS_HDMI,extract-hook,"boot init + main loop -> port_init_displays/keyboard, port_main_loop_yield hooks","    #if HAL_PORT_HAS_HDMI"
PicoMite.c,2099,HAL_PORT_HAS_PICOMITE,extract-hook,"boot init + main loop -> port_init_displays/keyboard, port_main_loop_yield hooks","    #if HAL_PORT_HAS_PICOMITE"
PicoMite.c,2107,HAL_PORT_IS_VGA,extract-hook,"boot init + main loop -> port_init_displays/keyboard, port_main_loop_yield hooks","    #if HAL_PORT_IS_VGA"
PicoMite.c,2108,HAL_PORT_HAS_HDMI,extract-hook,"boot init + main loop -> port_init_displays/keyboard, port_main_loop_yield hooks","        #if HAL_PORT_HAS_HDMI"
PicoMite.c,2109,HAL_PORT_HAS_USB_KEYBOARD,extract-hook,"boot init + main loop -> port_init_displays/keyboard, port_main_loop_yield hooks","            #if HAL_PORT_HAS_USB_KEYBOARD"
PicoMite.c,2115,HAL_PORT_HAS_USB_KEYBOARD,extract-hook,"boot init + main loop -> port_init_displays/keyboard, port_main_loop_yield hooks","            #if HAL_PORT_HAS_USB_KEYBOARD"
PicoMite.c,2122,HAL_PORT_HAS_USB_KEYBOARD,extract-hook,"boot init + main loop -> port_init_displays/keyboard, port_main_loop_yield hooks","        #if HAL_PORT_HAS_USB_KEYBOARD"
PicoMite.c,2125,HAL_PORT_HAS_WIFI,extract-hook,"boot init + main loop -> port_init_displays/keyboard, port_main_loop_yield hooks","            #if HAL_PORT_HAS_WIFI"
PicoMite.c,2188,HAL_PORT_HAS_USB_KEYBOARD,extract-hook,"boot init + main loop -> port_init_displays/keyboard, port_main_loop_yield hooks","#if HAL_PORT_HAS_USB_KEYBOARD"
PicoMite.c,2195,HAL_PORT_IS_VGA,extract-hook,"boot init + main loop -> port_init_displays/keyboard, port_main_loop_yield hooks","    #if HAL_PORT_IS_VGA && !HAL_PORT_HAS_HDMI"
PicoMite.c,2233,HAL_PORT_HAS_USB_KEYBOARD,extract-hook,"boot init + main loop -> port_init_displays/keyboard, port_main_loop_yield hooks","#if HAL_PORT_HAS_USB_KEYBOARD"
PicoMite.c,2526,HAL_PORT_HAS_USB_KEYBOARD,extract-hook,"boot init + main loop -> port_init_displays/keyboard, port_main_loop_yield hooks","#if HAL_PORT_HAS_USB_KEYBOARD"
XModem.c,201,HAL_PORT_HAS_WIFI,extract-hook,USBKEYBOARD axis -> hook,"#if HAL_PORT_HAS_WIFI"
Memory.h,79,HAL_PORT_IS_VGA,value-in-expression,,"#if HAL_PORT_IS_VGA"
MMBasic_REPL.c,170,HAL_PORT_HAS_WIFI,extract-hook,,"    #if HAL_PORT_HAS_WIFI"
MMBasic_REPL.c,176,HAL_PORT_HAS_PICOMITE,extract-hook,,"#if HAL_PORT_HAS_PICOMITE"
Touch.c,38,HAL_PORT_HAS_WIFI,split-driver,gate the entire file by linkage; drop in-file gates,"#if HAL_PORT_HAS_WIFI"
Touch.c,41,HAL_PORT_HAS_WIFI,split-driver,gate the entire file by linkage; drop in-file gates,"#if !HAL_PORT_HAS_WIFI"
Touch.c,275,HAL_PORT_HAS_PICOMITE,split-driver,gate the entire file by linkage; drop in-file gates,"#if HAL_PORT_HAS_PICOMITE"
Touch.c,283,HAL_PORT_HAS_PICOMITE,split-driver,gate the entire file by linkage; drop in-file gates,"#if HAL_PORT_HAS_PICOMITE"
Touch.c,287,HAL_PORT_HAS_PICOMITE,split-driver,gate the entire file by linkage; drop in-file gates,"#if HAL_PORT_HAS_PICOMITE"
Touch.c,311,HAL_PORT_HAS_PICOMITE,split-driver,gate the entire file by linkage; drop in-file gates,"#if HAL_PORT_HAS_PICOMITE"
Touch.c,357,HAL_PORT_HAS_WIFI,split-driver,gate the entire file by linkage; drop in-file gates,"    #if HAL_PORT_HAS_WIFI"
Touch.c,383,HAL_PORT_HAS_GUICONTROLS,split-driver,gate the entire file by linkage; drop in-file gates,"#if HAL_PORT_HAS_GUICONTROLS"
Draw.h,157,HAL_PORT_IS_VGA,value-in-expression,,"#if !HAL_PORT_IS_VGA"
Draw.h,260,HAL_PORT_HAS_PICOMITE,value-in-expression,,"#if HAL_PORT_HAS_PICOMITE && !HAL_PORT_IS_VGA"
I2C.h,68,HAL_PORT_HAS_I2C_KEYPAD,value-in-expression,SystemI2CTimeout constant -> port_config.h value,"#if HAL_PORT_HAS_I2C_KEYPAD"
drivers/hdmi/hdmi_modes.c,376,HAL_PORT_HAS_HDMI,split-driver,HDMI vs DVI mode tables,"#if HAL_PORT_HAS_HDMI"
drivers/hdmi/hdmi_modes.c,381,HAL_PORT_HAS_HDMI,split-driver,HDMI vs DVI mode tables,"#if HAL_PORT_HAS_HDMI"
drivers/hdmi/hdmi_modes.c,417,HAL_PORT_HAS_HDMI,split-driver,HDMI vs DVI mode tables,"#if HAL_PORT_HAS_HDMI"
drivers/hdmi/hdmi_modes.c,422,HAL_PORT_HAS_HDMI,split-driver,HDMI vs DVI mode tables,"#if HAL_PORT_HAS_HDMI"
drivers/sd_spi/mmc_stm32.c,50,HAL_PORT_HAS_WIFI,extract-hook,I2C-keypad-shared bus init + USBKEYBOARD differences -> hooks,"#if HAL_PORT_HAS_WIFI"
drivers/sd_spi/mmc_stm32.c,53,HAL_PORT_IS_VGA,extract-hook,I2C-keypad-shared bus init + USBKEYBOARD differences -> hooks,"#if HAL_PORT_IS_VGA"
drivers/sd_spi/mmc_stm32.c,57,HAL_PORT_HAS_WIFI,extract-hook,I2C-keypad-shared bus init + USBKEYBOARD differences -> hooks,"#if !HAL_PORT_HAS_WIFI"
drivers/sd_spi/mmc_stm32.c,69,HAL_PORT_HAS_PICOMITE,extract-hook,I2C-keypad-shared bus init + USBKEYBOARD differences -> hooks,"#if HAL_PORT_HAS_PICOMITE && defined(rp2350)"
drivers/sd_spi/mmc_stm32.c,93,HAL_PORT_HAS_PICOMITE,extract-hook,I2C-keypad-shared bus init + USBKEYBOARD differences -> hooks,"#if HAL_PORT_HAS_PICOMITE && defined(rp2350)"
drivers/sd_spi/mmc_stm32.c,236,HAL_PORT_HAS_WIFI,extract-hook,I2C-keypad-shared bus init + USBKEYBOARD differences -> hooks,"#if !HAL_PORT_HAS_WIFI"
drivers/sd_spi/mmc_stm32.c,833,HAL_PORT_IS_VGA,extract-hook,I2C-keypad-shared bus init + USBKEYBOARD differences -> hooks,"#if !HAL_PORT_IS_VGA"
drivers/sd_spi/mmc_stm32.c,839,HAL_PORT_IS_VGA,extract-hook,I2C-keypad-shared bus init + USBKEYBOARD differences -> hooks,"#if !HAL_PORT_IS_VGA"
drivers/sd_spi/mmc_stm32.c,858,HAL_PORT_IS_VGA,extract-hook,I2C-keypad-shared bus init + USBKEYBOARD differences -> hooks,"#if !HAL_PORT_IS_VGA"
drivers/sd_spi/mmc_stm32.c,1459,HAL_PORT_HAS_PICOMITE,extract-hook,I2C-keypad-shared bus init + USBKEYBOARD differences -> hooks,"#if HAL_PORT_HAS_PICOMITE"
drivers/sd_spi/mmc_stm32.c,1473,HAL_PORT_IS_VGA,extract-hook,I2C-keypad-shared bus init + USBKEYBOARD differences -> hooks,"#if HAL_PORT_IS_VGA"
drivers/sd_spi/mmc_stm32.c,1474,HAL_PORT_HAS_HDMI,extract-hook,I2C-keypad-shared bus init + USBKEYBOARD differences -> hooks,"#if !HAL_PORT_HAS_HDMI"
drivers/sd_spi/mmc_stm32.c,1560,HAL_PORT_HAS_I2C_KEYPAD,extract-hook,I2C-keypad-shared bus init + USBKEYBOARD differences -> hooks,"#if HAL_PORT_HAS_I2C_KEYPAD"
drivers/sd_spi/mmc_stm32.c,1573,HAL_PORT_HAS_I2C_KEYPAD,extract-hook,I2C-keypad-shared bus init + USBKEYBOARD differences -> hooks,"#if HAL_PORT_HAS_I2C_KEYPAD"
drivers/sd_spi/mmc_stm32.c,1586,HAL_PORT_HAS_USB_KEYBOARD,extract-hook,I2C-keypad-shared bus init + USBKEYBOARD differences -> hooks,"#if !HAL_PORT_HAS_USB_KEYBOARD"
drivers/sd_spi/mmc_stm32.c,1595,HAL_PORT_HAS_PICOMITE,extract-hook,I2C-keypad-shared bus init + USBKEYBOARD differences -> hooks,"#if HAL_PORT_HAS_PICOMITE && defined(rp2350)"
drivers/sd_spi/mmc_stm32.c,1807,HAL_PORT_HAS_WIFI,extract-hook,I2C-keypad-shared bus init + USBKEYBOARD differences -> hooks,"#if !HAL_PORT_HAS_WIFI"
drivers/sd_spi/mmc_stm32.c,1843,HAL_PORT_HAS_USB_KEYBOARD,extract-hook,I2C-keypad-shared bus init + USBKEYBOARD differences -> hooks,"#if !HAL_PORT_HAS_USB_KEYBOARD"
drivers/sd_spi/mmc_stm32.c,1864,HAL_PORT_IS_VGA,extract-hook,I2C-keypad-shared bus init + USBKEYBOARD differences -> hooks,"#if !HAL_PORT_IS_VGA"
drivers/sd_spi/mmc_stm32.c,1919,HAL_PORT_HAS_PICOMITE,extract-hook,I2C-keypad-shared bus init + USBKEYBOARD differences -> hooks,"#if HAL_PORT_HAS_PICOMITE && defined(rp2350)"
drivers/sd_spi/mmc_stm32.c,1927,HAL_PORT_IS_VGA,extract-hook,I2C-keypad-shared bus init + USBKEYBOARD differences -> hooks,"#if HAL_PORT_IS_VGA"
drivers/sd_spi/mmc_stm32.c,1928,HAL_PORT_HAS_HDMI,extract-hook,I2C-keypad-shared bus init + USBKEYBOARD differences -> hooks,"#if !HAL_PORT_HAS_HDMI"
drivers/sd_spi/mmc_stm32.c,1939,HAL_PORT_HAS_PICOMITE,extract-hook,I2C-keypad-shared bus init + USBKEYBOARD differences -> hooks,"#if HAL_PORT_HAS_PICOMITE"
drivers/spi_lcd/spi_lcd_framebuffer.c,492,HAL_PORT_IS_VGA,value-in-expression,"single gate, candidate for if(FLAG) reformulation","#if !HAL_PORT_IS_VGA"
drivers/spi_lcd/spi_lcd.c,30,HAL_PORT_HAS_PICOMITE,split-driver,"split per display family (ILI9341, ILI9488, ILI9488WBUFF, ST7789, ST7796, SSD1963)","#if HAL_PORT_HAS_PICOMITE && defined(rp2350)"
drivers/spi_lcd/spi_lcd.c,93,HAL_PORT_HAS_PICOMITE,split-driver,"split per display family (ILI9341, ILI9488, ILI9488WBUFF, ST7789, ST7796, SSD1963)","#if HAL_PORT_HAS_PICOMITE && defined(rp2350)"
drivers/spi_lcd/spi_lcd.c,125,HAL_PORT_IS_VGA,split-driver,"split per display family (ILI9341, ILI9488, ILI9488WBUFF, ST7789, ST7796, SSD1963)","#if !HAL_PORT_IS_VGA"
drivers/spi_lcd/spi_lcd.c,139,HAL_PORT_HAS_PICOMITE,split-driver,"split per display family (ILI9341, ILI9488, ILI9488WBUFF, ST7789, ST7796, SSD1963)","#if HAL_PORT_HAS_PICOMITE && defined(rp2350)"
drivers/spi_lcd/spi_lcd.c,212,HAL_PORT_HAS_PICOMITE,split-driver,"split per display family (ILI9341, ILI9488, ILI9488WBUFF, ST7789, ST7796, SSD1963)","#if HAL_PORT_HAS_PICOMITE && defined(rp2350)"
drivers/spi_lcd/spi_lcd.c,229,HAL_PORT_HAS_PICOMITE,split-driver,"split per display family (ILI9341, ILI9488, ILI9488WBUFF, ST7789, ST7796, SSD1963)","#if HAL_PORT_HAS_PICOMITE && defined(rp2350)"
drivers/spi_lcd/spi_lcd.c,246,HAL_PORT_HAS_PICOMITE,split-driver,"split per display family (ILI9341, ILI9488, ILI9488WBUFF, ST7789, ST7796, SSD1963)","#if HAL_PORT_HAS_PICOMITE && defined(rp2350)"
drivers/spi_lcd/spi_lcd.c,295,HAL_PORT_HAS_PICOMITE,split-driver,"split per display family (ILI9341, ILI9488, ILI9488WBUFF, ST7789, ST7796, SSD1963)","#if HAL_PORT_HAS_PICOMITE && defined(rp2350)"
drivers/spi_lcd/spi_lcd.c,305,HAL_PORT_HAS_PICOMITE,split-driver,"split per display family (ILI9341, ILI9488, ILI9488WBUFF, ST7789, ST7796, SSD1963)","#if HAL_PORT_HAS_PICOMITE && defined(rp2350)"
drivers/spi_lcd/spi_lcd.c,351,HAL_PORT_HAS_PICOMITE,split-driver,"split per display family (ILI9341, ILI9488, ILI9488WBUFF, ST7789, ST7796, SSD1963)","#if HAL_PORT_HAS_PICOMITE && defined(rp2350)"
drivers/spi_lcd/spi_lcd.c,376,HAL_PORT_HAS_PICOMITE,split-driver,"split per display family (ILI9341, ILI9488, ILI9488WBUFF, ST7789, ST7796, SSD1963)","#if HAL_PORT_HAS_PICOMITE && defined(rp2350)"
drivers/spi_lcd/spi_lcd.c,401,HAL_PORT_HAS_PICOMITE,split-driver,"split per display family (ILI9341, ILI9488, ILI9488WBUFF, ST7789, ST7796, SSD1963)","#if HAL_PORT_HAS_PICOMITE && defined(rp2350)"
drivers/spi_lcd/spi_lcd.c,418,HAL_PORT_HAS_PICOMITE,split-driver,"split per display family (ILI9341, ILI9488, ILI9488WBUFF, ST7789, ST7796, SSD1963)","#if HAL_PORT_HAS_PICOMITE && defined(rp2350)"
drivers/spi_lcd/spi_lcd.c,505,HAL_PORT_HAS_PICOMITE,split-driver,"split per display family (ILI9341, ILI9488, ILI9488WBUFF, ST7789, ST7796, SSD1963)","#if HAL_PORT_HAS_PICOMITE && defined(rp2350)"
drivers/spi_lcd/spi_lcd.c,753,HAL_PORT_HAS_PICOMITE,split-driver,"split per display family (ILI9341, ILI9488, ILI9488WBUFF, ST7789, ST7796, SSD1963)","#if HAL_PORT_HAS_PICOMITE && defined(rp2350)"
drivers/spi_lcd/spi_lcd.c,917,HAL_PORT_HAS_PICOMITE,split-driver,"split per display family (ILI9341, ILI9488, ILI9488WBUFF, ST7789, ST7796, SSD1963)","#if HAL_PORT_HAS_PICOMITE && defined(rp2350)"
drivers/spi_lcd/spi_lcd.c,1031,HAL_PORT_HAS_PICOMITE,split-driver,"split per display family (ILI9341, ILI9488, ILI9488WBUFF, ST7789, ST7796, SSD1963)","#if HAL_PORT_HAS_PICOMITE && defined(rp2350)"
drivers/spi_lcd/spi_lcd.c,1044,HAL_PORT_HAS_PICOMITE,split-driver,"split per display family (ILI9341, ILI9488, ILI9488WBUFF, ST7789, ST7796, SSD1963)","#if HAL_PORT_HAS_PICOMITE && defined(rp2350)"
drivers/spi_lcd/spi_lcd.c,1064,HAL_PORT_HAS_PICOMITE,split-driver,"split per display family (ILI9341, ILI9488, ILI9488WBUFF, ST7789, ST7796, SSD1963)","#if HAL_PORT_HAS_PICOMITE && defined(rp2350)"
drivers/spi_lcd/spi_lcd.c,1102,HAL_PORT_HAS_PICOMITE,split-driver,"split per display family (ILI9341, ILI9488, ILI9488WBUFF, ST7789, ST7796, SSD1963)","#if HAL_PORT_HAS_PICOMITE && defined(rp2350)"
drivers/spi_lcd/spi_lcd.c,1236,HAL_PORT_HAS_PICOMITE,split-driver,"split per display family (ILI9341, ILI9488, ILI9488WBUFF, ST7789, ST7796, SSD1963)","#if HAL_PORT_HAS_PICOMITE && defined(rp2350)"
drivers/spi_lcd/spi_lcd.c,1248,HAL_PORT_HAS_PICOMITE,split-driver,"split per display family (ILI9341, ILI9488, ILI9488WBUFF, ST7789, ST7796, SSD1963)","#if HAL_PORT_HAS_PICOMITE && defined(rp2350)"
drivers/spi_lcd/spi_lcd.c,1272,HAL_PORT_HAS_PICOMITE,split-driver,"split per display family (ILI9341, ILI9488, ILI9488WBUFF, ST7789, ST7796, SSD1963)","#if HAL_PORT_HAS_PICOMITE && defined(rp2350)"
drivers/spi_lcd/spi_lcd.c,1328,HAL_PORT_HAS_PICOMITE,split-driver,"split per display family (ILI9341, ILI9488, ILI9488WBUFF, ST7789, ST7796, SSD1963)","#if HAL_PORT_HAS_PICOMITE && defined(rp2350)"
drivers/spi_lcd/spi_lcd.c,1346,HAL_PORT_HAS_PICOMITE,split-driver,"split per display family (ILI9341, ILI9488, ILI9488WBUFF, ST7789, ST7796, SSD1963)","#if HAL_PORT_HAS_PICOMITE && defined(rp2350)"
drivers/spi_lcd/spi_lcd.c,1361,HAL_PORT_HAS_PICOMITE,split-driver,"split per display family (ILI9341, ILI9488, ILI9488WBUFF, ST7789, ST7796, SSD1963)","#if HAL_PORT_HAS_PICOMITE && defined(rp2350)"
drivers/spi_lcd/spi_lcd.c,1383,HAL_PORT_HAS_PICOMITE,split-driver,"split per display family (ILI9341, ILI9488, ILI9488WBUFF, ST7789, ST7796, SSD1963)","#if HAL_PORT_HAS_PICOMITE && defined(rp2350)"
drivers/spi_lcd/spi_lcd.c,1401,HAL_PORT_HAS_PICOMITE,split-driver,"split per display family (ILI9341, ILI9488, ILI9488WBUFF, ST7789, ST7796, SSD1963)","#if HAL_PORT_HAS_PICOMITE && defined(rp2350)"
drivers/spi_lcd/spi_lcd.c,1416,HAL_PORT_HAS_PICOMITE,split-driver,"split per display family (ILI9341, ILI9488, ILI9488WBUFF, ST7789, ST7796, SSD1963)","#if HAL_PORT_HAS_PICOMITE && defined(rp2350)"
drivers/spi_lcd/spi_lcd.c,1659,HAL_PORT_HAS_PICOMITE,split-driver,"split per display family (ILI9341, ILI9488, ILI9488WBUFF, ST7789, ST7796, SSD1963)","#if HAL_PORT_HAS_PICOMITE && defined(rp2350)"
drivers/spi_lcd/spi_lcd.c,1720,HAL_PORT_HAS_PICOMITE,split-driver,"split per display family (ILI9341, ILI9488, ILI9488WBUFF, ST7789, ST7796, SSD1963)","#if HAL_PORT_HAS_PICOMITE && defined(rp2350)"
drivers/spi_lcd/spi_lcd.c,1736,HAL_PORT_HAS_PICOMITE,split-driver,"split per display family (ILI9341, ILI9488, ILI9488WBUFF, ST7789, ST7796, SSD1963)","#if HAL_PORT_HAS_PICOMITE && defined(rp2350)"
drivers/spi_lcd/spi_lcd.c,1753,HAL_PORT_HAS_PICOMITE,split-driver,"split per display family (ILI9341, ILI9488, ILI9488WBUFF, ST7789, ST7796, SSD1963)","#if HAL_PORT_HAS_PICOMITE && defined(rp2350)"
drivers/spi_lcd/spi_lcd.c,1967,HAL_PORT_HAS_PICOMITE,split-driver,"split per display family (ILI9341, ILI9488, ILI9488WBUFF, ST7789, ST7796, SSD1963)","#if HAL_PORT_HAS_PICOMITE && defined(rp2350)"
drivers/spi_lcd/spi_lcd.c,2058,HAL_PORT_HAS_PICOMITE,split-driver,"split per display family (ILI9341, ILI9488, ILI9488WBUFF, ST7789, ST7796, SSD1963)","#if HAL_PORT_HAS_PICOMITE && defined(rp2350)"
drivers/spi_lcd/spi_lcd.c,2242,HAL_PORT_HAS_PICOMITE,split-driver,"split per display family (ILI9341, ILI9488, ILI9488WBUFF, ST7789, ST7796, SSD1963)","#if HAL_PORT_HAS_PICOMITE && defined(rp2350)"
drivers/spi_lcd/spi_lcd.c,2389,HAL_PORT_HAS_PICOMITE,split-driver,"split per display family (ILI9341, ILI9488, ILI9488WBUFF, ST7789, ST7796, SSD1963)","#if HAL_PORT_HAS_PICOMITE && defined(rp2350)"
drivers/spi_lcd/spi_lcd.c,2397,HAL_PORT_HAS_PICOMITE,split-driver,"split per display family (ILI9341, ILI9488, ILI9488WBUFF, ST7789, ST7796, SSD1963)","#if HAL_PORT_HAS_PICOMITE && defined(rp2350)"
drivers/spi_lcd/spi_lcd.c,2537,HAL_PORT_HAS_PICOMITE,split-driver,"split per display family (ILI9341, ILI9488, ILI9488WBUFF, ST7789, ST7796, SSD1963)","#if HAL_PORT_HAS_PICOMITE && defined(rp2350)"
drivers/spi_lcd/spi_lcd.c,2554,HAL_PORT_HAS_PICOMITE,split-driver,"split per display family (ILI9341, ILI9488, ILI9488WBUFF, ST7789, ST7796, SSD1963)","#if HAL_PORT_HAS_PICOMITE && defined(rp2350)"
drivers/spi_lcd/spi_lcd.c,2573,HAL_PORT_HAS_PICOMITE,split-driver,"split per display family (ILI9341, ILI9488, ILI9488WBUFF, ST7789, ST7796, SSD1963)","#if HAL_PORT_HAS_PICOMITE && defined(rp2350)"
drivers/spi_lcd/spi_lcd.c,2593,HAL_PORT_HAS_PICOMITE,split-driver,"split per display family (ILI9341, ILI9488, ILI9488WBUFF, ST7789, ST7796, SSD1963)","#if HAL_PORT_HAS_PICOMITE && defined(rp2350)"
drivers/spi_lcd/spi_lcd.c,2621,HAL_PORT_HAS_PICOMITE,split-driver,"split per display family (ILI9341, ILI9488, ILI9488WBUFF, ST7789, ST7796, SSD1963)","#if HAL_PORT_HAS_PICOMITE && defined(rp2350)"
drivers/spi_lcd/spi_lcd.c,2638,HAL_PORT_HAS_PICOMITE,split-driver,"split per display family (ILI9341, ILI9488, ILI9488WBUFF, ST7789, ST7796, SSD1963)","#if HAL_PORT_HAS_PICOMITE && defined(rp2350)"
drivers/spi_lcd/spi_lcd.c,2653,HAL_PORT_HAS_PICOMITE,split-driver,"split per display family (ILI9341, ILI9488, ILI9488WBUFF, ST7789, ST7796, SSD1963)","#if HAL_PORT_HAS_PICOMITE && defined(rp2350)"
drivers/spi_lcd/spi_lcd.c,2680,HAL_PORT_IS_VGA,split-driver,"split per display family (ILI9341, ILI9488, ILI9488WBUFF, ST7789, ST7796, SSD1963)","#if !HAL_PORT_IS_VGA"
drivers/spi_lcd/spi_lcd.c,2689,HAL_PORT_HAS_PICOMITE,split-driver,"split per display family (ILI9341, ILI9488, ILI9488WBUFF, ST7789, ST7796, SSD1963)","#if HAL_PORT_HAS_PICOMITE && defined(rp2350)"
drivers/gui_touch/gui_touch.c,27,HAL_PORT_HAS_GUICONTROLS,value-in-expression,single gate,"#if HAL_PORT_HAS_GUICONTROLS"
drivers/display_merge/display_merge_pico.c,186,HAL_PORT_HAS_PICOMITE,value-in-expression,single PICOMITE-rp2350 gate,"#if HAL_PORT_HAS_PICOMITE && defined(rp2350)"
drivers/vga_pio/vga_mode_ops.c,68,HAL_PORT_HAS_HDMI,split-driver,split legacy vs NEXTGEN VGA modes,"#if HAL_PORT_HAS_HDMI"
drivers/vga_pio/vga_mode_ops.c,110,HAL_PORT_HAS_HDMI,split-driver,split legacy vs NEXTGEN VGA modes,"#if HAL_PORT_HAS_HDMI"
drivers/vga_pio/vga_mode_ops.c,162,HAL_PORT_HAS_HDMI,split-driver,split legacy vs NEXTGEN VGA modes,"#if HAL_PORT_HAS_HDMI"
drivers/vga_pio/vga_mode_ops.c,203,HAL_PORT_HAS_HDMI,split-driver,split legacy vs NEXTGEN VGA modes,"#if HAL_PORT_HAS_HDMI"
drivers/vga_pio/vga_mode_ops.c,235,HAL_PORT_HAS_HDMI,split-driver,split legacy vs NEXTGEN VGA modes,"#if HAL_PORT_HAS_HDMI"
drivers/vga_pio/vga_mode_ops.c,268,HAL_PORT_HAS_HDMI,split-driver,split legacy vs NEXTGEN VGA modes,"#if HAL_PORT_HAS_HDMI"
drivers/vga_pio/vga_mode_ops.c,338,HAL_PORT_HAS_HDMI,split-driver,split legacy vs NEXTGEN VGA modes,"#if HAL_PORT_HAS_HDMI"
drivers/vga_pio/vga_mode_ops.c,368,HAL_PORT_HAS_HDMI,split-driver,split legacy vs NEXTGEN VGA modes,"#if HAL_PORT_HAS_HDMI"
drivers/vga_pio/vga_mode_ops.c,403,HAL_PORT_HAS_HDMI,split-driver,split legacy vs NEXTGEN VGA modes,"#if HAL_PORT_HAS_HDMI"
drivers/vga_pio/vga_mode_ops.c,443,HAL_PORT_HAS_HDMI,split-driver,split legacy vs NEXTGEN VGA modes,"#if HAL_PORT_HAS_HDMI"
drivers/vga_pio/vga_mode_ops.c,522,HAL_PORT_HAS_HDMI,split-driver,split legacy vs NEXTGEN VGA modes,"            #if HAL_PORT_HAS_HDMI"
drivers/vga_pio/vga_mode_ops.c,546,HAL_PORT_HAS_HDMI,split-driver,split legacy vs NEXTGEN VGA modes,"                #if HAL_PORT_HAS_HDMI"
drivers/vga_pio/vga_mode_ops.c,565,HAL_PORT_HAS_HDMI,split-driver,split legacy vs NEXTGEN VGA modes,"#if HAL_PORT_HAS_HDMI"
drivers/vga_pio/vga_mode_ops.c,601,HAL_PORT_IS_VGA,split-driver,split legacy vs NEXTGEN VGA modes,"#if HAL_PORT_IS_VGA"
drivers/vga_pio/vga_mode_ops.c,638,HAL_PORT_IS_VGA,split-driver,split legacy vs NEXTGEN VGA modes,"#if HAL_PORT_IS_VGA"
drivers/vga_pio/vga_mode_ops.c,661,HAL_PORT_HAS_HDMI,split-driver,split legacy vs NEXTGEN VGA modes,"#if HAL_PORT_HAS_HDMI"
drivers/vga_pio/vga_mode_ops.c,681,HAL_PORT_HAS_HDMI,split-driver,split legacy vs NEXTGEN VGA modes,"#if !HAL_PORT_HAS_HDMI"
drivers/vga_pio/vga_mode_ops.c,698,HAL_PORT_HAS_HDMI,split-driver,split legacy vs NEXTGEN VGA modes,"#if HAL_PORT_HAS_HDMI"
drivers/vga_pio/vga_mode_ops.c,708,HAL_PORT_HAS_HDMI,split-driver,split legacy vs NEXTGEN VGA modes,"#if HAL_PORT_HAS_HDMI"
drivers/vga_pio/vga_mode_ops.c,730,HAL_PORT_IS_VGA,split-driver,split legacy vs NEXTGEN VGA modes,"#if HAL_PORT_IS_VGA"
drivers/vga_pio/vga_mode_ops.c,734,HAL_PORT_HAS_HDMI,split-driver,split legacy vs NEXTGEN VGA modes,"#if HAL_PORT_HAS_HDMI"
drivers/vga_pio/vga_ops.c,22,HAL_PORT_HAS_HDMI,split-driver,NEXTGEN + GUICONTROLS gates,"#if HAL_PORT_HAS_HDMI"
drivers/vga_pio/vga_ops.c,57,HAL_PORT_HAS_HDMI,split-driver,NEXTGEN + GUICONTROLS gates,"#if HAL_PORT_HAS_HDMI"
drivers/vga_pio/vga_ops.c,107,HAL_PORT_HAS_HDMI,split-driver,NEXTGEN + GUICONTROLS gates,"#if HAL_PORT_HAS_HDMI"
drivers/vga_pio/vga_ops.c,149,HAL_PORT_HAS_HDMI,split-driver,NEXTGEN + GUICONTROLS gates,"#if HAL_PORT_HAS_HDMI"
drivers/vga_pio/vga_ops.c,154,HAL_PORT_HAS_HDMI,split-driver,NEXTGEN + GUICONTROLS gates,"#if HAL_PORT_HAS_HDMI"
drivers/vga_pio/vga_ops.c,169,HAL_PORT_HAS_HDMI,split-driver,NEXTGEN + GUICONTROLS gates,"#if HAL_PORT_HAS_HDMI"
drivers/vga_pio/vga_ops.c,174,HAL_PORT_HAS_HDMI,split-driver,NEXTGEN + GUICONTROLS gates,"#if HAL_PORT_HAS_HDMI"
drivers/vga_pio/vga_ops.c,197,HAL_PORT_HAS_HDMI,split-driver,NEXTGEN + GUICONTROLS gates,"#if HAL_PORT_HAS_HDMI"
drivers/vga_pio/vga_ops.c,258,HAL_PORT_HAS_HDMI,split-driver,NEXTGEN + GUICONTROLS gates,"#if HAL_PORT_HAS_HDMI"
drivers/vga_pio/vga_ops.c,272,HAL_PORT_HAS_HDMI,split-driver,NEXTGEN + GUICONTROLS gates,"#if defined(rp2350) && HAL_PORT_HAS_HDMI"
drivers/vga_pio/vga_memory.c,42,HAL_PORT_HAS_HDMI,value-in-expression,,"#if HAL_PORT_HAS_HDMI"
ports/pico_sdk_common/cmd_psram.c,16,HAL_PORT_HAS_WIFI,value-in-expression,,"#if defined(rp2350) && !HAL_PORT_HAS_WIFI"
ports/pico_sdk_common/port_load_overrides.c,18,HAL_PORT_HAS_I2C_KEYPAD,split-driver,split into per-board profile files under drivers/board_profiles/,"#if HAL_PORT_HAS_I2C_KEYPAD"
ports/pico_sdk_common/misc_option_setters.c,30,HAL_PORT_HAS_HDMI,extract-hook,OPTION setters fork by board feature -> per-feature hook impls,"#if HAL_PORT_HAS_HDMI"
ports/pico_sdk_common/misc_option_setters.c,54,HAL_PORT_HAS_PICOMITE,extract-hook,OPTION setters fork by board feature -> per-feature hook impls,"#if HAL_PORT_HAS_PICOMITE && defined(rp2350)"
ports/pico_sdk_common/misc_option_setters.c,92,HAL_PORT_HAS_USB_KEYBOARD,extract-hook,OPTION setters fork by board feature -> per-feature hook impls,"#if HAL_PORT_HAS_USB_KEYBOARD"
ports/pico_sdk_common/misc_option_setters.c,102,HAL_PORT_HAS_PICOMITE,extract-hook,OPTION setters fork by board feature -> per-feature hook impls,"#if HAL_PORT_HAS_PICOMITE && defined(rp2350)"
ports/pico_sdk_common/misc_option_setters.c,179,HAL_PORT_HAS_WIFI,extract-hook,OPTION setters fork by board feature -> per-feature hook impls,"#if HAL_PORT_HAS_WIFI"
ports/pico_sdk_common/misc_option_setters.c,216,HAL_PORT_HAS_WIFI,extract-hook,OPTION setters fork by board feature -> per-feature hook impls,"#if HAL_PORT_HAS_WIFI"
ports/pico_sdk_common/misc_option_setters.c,244,HAL_PORT_HAS_WIFI,extract-hook,OPTION setters fork by board feature -> per-feature hook impls,"#if !HAL_PORT_HAS_WIFI"
ports/pico_sdk_common/misc_option_setters.c,261,HAL_PORT_IS_VGA,extract-hook,OPTION setters fork by board feature -> per-feature hook impls,"#if HAL_PORT_IS_VGA"
ports/pico_sdk_common/misc_option_setters.c,306,HAL_PORT_HAS_PICOMITE,extract-hook,OPTION setters fork by board feature -> per-feature hook impls,"#if HAL_PORT_HAS_PICOMITE && defined(rp2350)"
ports/pico_sdk_common/misc_option_setters.c,318,HAL_PORT_HAS_PICOMITE,extract-hook,OPTION setters fork by board feature -> per-feature hook impls,"#if HAL_PORT_HAS_PICOMITE && defined(rp2350)"
ports/pico_sdk_common/misc_option_setters.c,384,HAL_PORT_IS_VGA,extract-hook,OPTION setters fork by board feature -> per-feature hook impls,"#if HAL_PORT_IS_VGA && !HAL_PORT_HAS_HDMI"
ports/pico_sdk_common/misc_option_setters.c,420,HAL_PORT_IS_VGA,extract-hook,OPTION setters fork by board feature -> per-feature hook impls,"#if HAL_PORT_IS_VGA"
ports/pico_sdk_common/misc_option_setters.c,437,HAL_PORT_HAS_PICOMITE,extract-hook,OPTION setters fork by board feature -> per-feature hook impls,"#if HAL_PORT_HAS_PICOMITE && defined(rp2350)"
ports/pico_sdk_common/misc_option_setters.c,447,HAL_PORT_HAS_PICOMITE,extract-hook,OPTION setters fork by board feature -> per-feature hook impls,"#if HAL_PORT_HAS_PICOMITE && defined(rp2350)"
ports/pico_sdk_common/misc_option_setters.c,461,HAL_PORT_IS_VGA,extract-hook,OPTION setters fork by board feature -> per-feature hook impls,"#if HAL_PORT_IS_VGA"
ports/pico_sdk_common/picocalc_features.c,16,HAL_PORT_HAS_I2C_KEYPAD,split-driver,split into picocalc_features_real.c (linked when keypad present) + picocalc_features_stub.c,"#if HAL_PORT_HAS_I2C_KEYPAD"
ports/pico_sdk_common/hal_keyboard_pico.c,33,HAL_PORT_HAS_USB_KEYBOARD,extract-hook,USBKEYBOARD axis -> split into hal_keyboard_usb.c / hal_keyboard_ps2.c,"#if !HAL_PORT_HAS_USB_KEYBOARD"
ports/pico_sdk_common/hal_keyboard_pico.c,38,HAL_PORT_HAS_USB_KEYBOARD,extract-hook,USBKEYBOARD axis -> split into hal_keyboard_usb.c / hal_keyboard_ps2.c,"#if HAL_PORT_HAS_USB_KEYBOARD"
ports/pico_sdk_common/hal_keyboard_pico.c,49,HAL_PORT_HAS_PICOMITE,extract-hook,USBKEYBOARD axis -> split into hal_keyboard_usb.c / hal_keyboard_ps2.c,"#if HAL_PORT_HAS_PICOMITE && defined(rp2350)"
ports/pico_sdk_common/hal_keyboard_pico.c,55,HAL_PORT_HAS_USB_KEYBOARD,extract-hook,USBKEYBOARD axis -> split into hal_keyboard_usb.c / hal_keyboard_ps2.c,"#if HAL_PORT_HAS_USB_KEYBOARD"
ports/pico_sdk_common/hal_keyboard_pico.c,66,HAL_PORT_HAS_USB_KEYBOARD,extract-hook,USBKEYBOARD axis -> split into hal_keyboard_usb.c / hal_keyboard_ps2.c,"#if HAL_PORT_HAS_USB_KEYBOARD"
ports/pico_sdk_common/hal_keyboard_pico.c,75,HAL_PORT_HAS_USB_KEYBOARD,extract-hook,USBKEYBOARD axis -> split into hal_keyboard_usb.c / hal_keyboard_ps2.c,"#if HAL_PORT_HAS_USB_KEYBOARD"
ports/pico_sdk_common/hal_keyboard_pico.c,93,HAL_PORT_HAS_USB_KEYBOARD,extract-hook,USBKEYBOARD axis -> split into hal_keyboard_usb.c / hal_keyboard_ps2.c,"#if HAL_PORT_HAS_USB_KEYBOARD"
ports/pico_sdk_common/hal_keyboard_pico.c,97,HAL_PORT_HAS_PICOMITE,extract-hook,USBKEYBOARD axis -> split into hal_keyboard_usb.c / hal_keyboard_ps2.c,"#elif HAL_PORT_HAS_PICOMITE && defined(rp2350)"
ports/pico_sdk_common/hal_keyboard_pico.c,109,HAL_PORT_HAS_USB_KEYBOARD,extract-hook,USBKEYBOARD axis -> split into hal_keyboard_usb.c / hal_keyboard_ps2.c,"#if HAL_PORT_HAS_USB_KEYBOARD"
ports/pico_sdk_common/hal_keyboard_pico.c,111,HAL_PORT_HAS_PICOMITE,extract-hook,USBKEYBOARD axis -> split into hal_keyboard_usb.c / hal_keyboard_ps2.c,"#elif HAL_PORT_HAS_PICOMITE && defined(rp2350)"
ports/pico_sdk_common/hal_keyboard_pico.c,121,HAL_PORT_HAS_USB_KEYBOARD,extract-hook,USBKEYBOARD axis -> split into hal_keyboard_usb.c / hal_keyboard_ps2.c,"#if HAL_PORT_HAS_USB_KEYBOARD"
ports/pico_sdk_common/hal_keyboard_pico.c,132,HAL_PORT_HAS_USB_KEYBOARD,extract-hook,USBKEYBOARD axis -> split into hal_keyboard_usb.c / hal_keyboard_ps2.c,"#if HAL_PORT_HAS_USB_KEYBOARD"
ports/pico_sdk_common/hal_keyboard_pico.c,162,HAL_PORT_HAS_USB_KEYBOARD,extract-hook,USBKEYBOARD axis -> split into hal_keyboard_usb.c / hal_keyboard_ps2.c,"#if HAL_PORT_HAS_USB_KEYBOARD"
ports/pico_sdk_common/hal_keyboard_pico.c,171,HAL_PORT_HAS_USB_KEYBOARD,extract-hook,USBKEYBOARD axis -> split into hal_keyboard_usb.c / hal_keyboard_ps2.c,"#if HAL_PORT_HAS_USB_KEYBOARD"
ports/pico_sdk_common/hal_keyboard_pico.c,187,HAL_PORT_HAS_USB_KEYBOARD,extract-hook,USBKEYBOARD axis -> split into hal_keyboard_usb.c / hal_keyboard_ps2.c,"#if !HAL_PORT_HAS_USB_KEYBOARD"
ports/pico_sdk_common/hal_keyboard_pico.c,197,HAL_PORT_HAS_USB_KEYBOARD,extract-hook,USBKEYBOARD axis -> split into hal_keyboard_usb.c / hal_keyboard_ps2.c,"#if !HAL_PORT_HAS_USB_KEYBOARD"
ports/pico_sdk_common/clear_runtime_port.c,25,HAL_PORT_IS_VGA,extract-hook,,"#if !HAL_PORT_IS_VGA"
ports/pico_sdk_common/clear_runtime_port.c,26,HAL_PORT_HAS_PICOMITE,extract-hook,,"#if HAL_PORT_HAS_PICOMITE && defined(rp2350)"
ports/pico_sdk_common/clear_runtime_port.c,56,HAL_PORT_IS_VGA,extract-hook,,"#if HAL_PORT_IS_VGA"
ports/pico_sdk_common/clear_runtime_port.c,68,HAL_PORT_IS_VGA,extract-hook,,"#if HAL_PORT_IS_VGA"
ports/pico_sdk_common/cmd_files_hooks.c,119,HAL_PORT_HAS_USB_KEYBOARD,extract-hook,cmd_files USBKEYBOARD axis -> hook,"#if !HAL_PORT_HAS_USB_KEYBOARD"
ports/pico_sdk_common/cmd_files_hooks.c,133,HAL_PORT_HAS_USB_KEYBOARD,extract-hook,cmd_files USBKEYBOARD axis -> hook,"#if !HAL_PORT_HAS_USB_KEYBOARD"
ports/pico_sdk_common/cmd_files_hooks.c,156,HAL_PORT_HAS_USB_KEYBOARD,extract-hook,cmd_files USBKEYBOARD axis -> hook,"#if !HAL_PORT_HAS_USB_KEYBOARD"
ports/pico_sdk_common/cmd_files_hooks.c,180,HAL_PORT_HAS_USB_KEYBOARD,extract-hook,cmd_files USBKEYBOARD axis -> hook,"#if !HAL_PORT_HAS_USB_KEYBOARD"
ports/pico_sdk_common/spi_lcd_options.c,14,HAL_PORT_IS_VGA,extract-hook,,"#if !HAL_PORT_IS_VGA"
ports/pico_sdk_common/spi_lcd_options.c,34,HAL_PORT_HAS_I2C_KEYPAD,extract-hook,,"#if HAL_PORT_HAS_I2C_KEYPAD"
ports/pico_sdk_common/print_display_options.c,70,HAL_PORT_HAS_USB_KEYBOARD,extract-hook,OPTION LIST per feature -> hooks,"#if HAL_PORT_HAS_USB_KEYBOARD"
ports/pico_sdk_common/print_display_options.c,80,HAL_PORT_HAS_PICOMITE,extract-hook,OPTION LIST per feature -> hooks,"#if HAL_PORT_HAS_PICOMITE && defined(rp2350)"
ports/pico_sdk_common/print_display_options.c,103,HAL_PORT_HAS_PICOMITE,extract-hook,OPTION LIST per feature -> hooks,"#if HAL_PORT_HAS_PICOMITE"
ports/pico_sdk_common/print_display_options.c,114,HAL_PORT_HAS_USB_KEYBOARD,extract-hook,OPTION LIST per feature -> hooks,"#if HAL_PORT_HAS_USB_KEYBOARD"
ports/pico_sdk_common/print_display_options.c,125,HAL_PORT_HAS_PICOMITE,extract-hook,OPTION LIST per feature -> hooks,"#if HAL_PORT_HAS_PICOMITE && defined(rp2350)"
ports/pico_sdk_common/print_display_options.c,149,HAL_PORT_HAS_HDMI,extract-hook,OPTION LIST per feature -> hooks,"#if HAL_PORT_HAS_HDMI"
ports/pico_sdk_common/print_display_options.c,239,HAL_PORT_HAS_GUICONTROLS,extract-hook,OPTION LIST per feature -> hooks,"#if HAL_PORT_HAS_GUICONTROLS"
ports/pico_sdk_common/print_display_options.c,242,HAL_PORT_HAS_I2C_KEYPAD,extract-hook,OPTION LIST per feature -> hooks,"#if HAL_PORT_HAS_I2C_KEYPAD"
ports/pico_sdk_common/print_display_options.c,246,HAL_PORT_IS_VGA,extract-hook,OPTION LIST per feature -> hooks,"#if !HAL_PORT_IS_VGA"
ports/pico/port_defaults.c,20,HAL_PORT_HAS_USB_KEYBOARD,extract-hook,multi-board profile mechanism dies; per-board defaults move to drivers/board_profiles/<board>.c selected at link time,"#if HAL_PORT_HAS_USB_KEYBOARD"
ports/pico/port_defaults.c,46,HAL_PORT_HAS_USB_KEYBOARD,extract-hook,multi-board profile mechanism dies; per-board defaults move to drivers/board_profiles/<board>.c selected at link time,"#if !HAL_PORT_HAS_USB_KEYBOARD"
ports/pico/port_defaults.c,68,HAL_PORT_HAS_USB_KEYBOARD,extract-hook,multi-board profile mechanism dies; per-board defaults move to drivers/board_profiles/<board>.c selected at link time,"#if !HAL_PORT_HAS_USB_KEYBOARD"
ports/pico/port_defaults.c,192,HAL_PORT_HAS_WIFI,extract-hook,multi-board profile mechanism dies; per-board defaults move to drivers/board_profiles/<board>.c selected at link time,"#  if !HAL_PORT_HAS_WIFI"
ports/pico_rp2350/port_defaults.c,15,HAL_PORT_HAS_USB_KEYBOARD,extract-hook,as above,"#if HAL_PORT_HAS_USB_KEYBOARD"
ports/pico_rp2350/port_defaults.c,41,HAL_PORT_HAS_USB_KEYBOARD,extract-hook,as above,"#if !HAL_PORT_HAS_USB_KEYBOARD"
ports/pico_rp2350/port_defaults.c,101,HAL_PORT_HAS_USB_KEYBOARD,extract-hook,as above,"#if !HAL_PORT_HAS_USB_KEYBOARD"
ports/hdmi_rp2350/port_defaults.c,23,HAL_PORT_HAS_USB_KEYBOARD,extract-hook,as above,"#if HAL_PORT_HAS_USB_KEYBOARD"
ports/hdmi_rp2350/port_defaults.c,42,HAL_PORT_HAS_USB_KEYBOARD,extract-hook,as above,"#if HAL_PORT_HAS_USB_KEYBOARD"
ports/hdmi_rp2350/port_defaults.c,56,HAL_PORT_HAS_USB_KEYBOARD,extract-hook,as above,"#if HAL_PORT_HAS_USB_KEYBOARD"
ports/host_native/host_peripheral_stubs.c,503,HAL_PORT_HAS_I2C_KEYPAD,value-in-expression,,"#if !HAL_PORT_HAS_I2C_KEYPAD"
ports/vga_rp2350/port_defaults.c,18,HAL_PORT_HAS_USB_KEYBOARD,extract-hook,as above,"#if HAL_PORT_HAS_USB_KEYBOARD"
ports/vga_rp2350/port_defaults.c,39,HAL_PORT_HAS_USB_KEYBOARD,extract-hook,as above,"#if HAL_PORT_HAS_USB_KEYBOARD"
ports/vga_rp2350/port_defaults.c,57,HAL_PORT_HAS_USB_KEYBOARD,extract-hook,as above,"#if HAL_PORT_HAS_USB_KEYBOARD"
ports/vga/port_defaults.c,18,HAL_PORT_HAS_USB_KEYBOARD,extract-hook,as above,"#if HAL_PORT_HAS_USB_KEYBOARD"
ports/vga/port_defaults.c,40,HAL_PORT_HAS_USB_KEYBOARD,extract-hook,as above,"#if HAL_PORT_HAS_USB_KEYBOARD"
ports/vga/port_defaults.c,59,HAL_PORT_HAS_USB_KEYBOARD,extract-hook,as above,"#if HAL_PORT_HAS_USB_KEYBOARD"
